docentry;docnum;pib;nopen;kodebilling;pph22;pib_nilaipabean;pib_ndpbm;pib_cif2;pib_ntpn;apinvoice
19948 ;220200046 ;00002001360520220214000045;900780;620220200134628;17124000;47651.7;14374;0;9BD9E7L01DLEK9V4;26433
20569 ;220200312 ;04030S01360520220426000729;227120;620220400275653;0;76948.66;10560.93;812649412;;27590
20714 ;220100244 ;04030S01360520220427000734;227117;620220400279759;0;72818.92;14353;1045169959;;27593
20746 ;220200345 ;04030S01360520220426000728;227119;620220400275598;0;110154.28;14353;1581044381;;27594
20756 ;220200346 ;04030S01360520220426000730;227118;620220400274996;0;72899.93;14353;1046332695;;27595
20672 ;220200335 ;04030S01360520220412000704;226128;620220400274537;0;217466.41;14353;3121295383;;27597
20909 ;2040000187 ;00002001360520220510000094;902322;620220500055008;0;75056.91;14353;1077291829.23;;27624
20931 ;2030000371 ;00002001360520220510000092;902321;620220500054851;0;30120.9;14353;432325277.7;;27625
20798 ;220200355 ;00002001360520220511000096;902340;620220500067158;0;82465.02;14353;1183620432.06;;27626
20952 ;2040000209 ;00002001360520220511000098;902342;620220500067523;0;24480.53;10560.93;258537163.693;;27628
20772 ;220200349 ;04030S01360520220428000740;227987;620220400295088;0;72494.87;14353;1040518869;;27629
20710 ;220200339 ;04030S01360520220428000739;227986;620220400294233;0;72899.93;14353;1046332695;;27630
20935 ;2040000199 ;00002001360520220511000095;902339;620220500067105;0;37956.68;14353;544792228.04;;27631
20939 ;2040000202 ;00002001360520220510000093;902319;620220500054930;0;40498.04;14353;581268368.12;;27632
20269 ;220200258 ;00000000012920220425100056;229353;620220500024580;0;17452;15514.3;270336677.5;;27635
20583 ;220200316 ;00000000012920220425100057;229357;620220500027651;0;33213.6;15514.3;515285754.48;;27636
20725 ;220200343 ;04030S01360520220428000738;227989;620220400295616;0;72899.93;14353;1046332695;;27637
20727 ;2030000334 ;00000000012920220504100060;229345;620220500024243;0;25488;14353;365829264;;27638
20857 ;2030000358 ;00002001360520220511000097;902341;620220500067468;0;35919.25;14353;515548995.25;;27639
20908 ;2030000364 ;00000000012920220504100061;240045;620220500077104;0;24300;14441;350916300;;27664
20841 ;220200361 ;04030S01360520220510000754;238271;620220500054868;0;77840;14353;1117237520;;27669
20932 ;2040000198 ;00002001360520220513000099;902376;620220500094189;0;28192.18;14441;407123271.38;;27670
20663 ;2030000324 ;04030S01360520220428000742;233493;620220500023994;0;209669.92;10560.93;2214309348;;27671
20977 ;2030000380 ;00002001360520220517000101;902744;620220500254801;0;32241.55;10277.3;331356081.815;;27687
20652 ;220200328 ;04030S01360520220425000727;229739;620220400274285;0;109846.5;10560.93;1160081197;;27688
21003 ;2050000028 ;00002001360520220517000103;902450;620220500108842;0;23286.14;10277.3;239318646.622;;27690
20811 ;220200357 ;04030S01360520220510000751;238559;620220500046112;0;77500;14353;1112357500;;27691
20864 ;2030000359 ;04030S01360520220511000760;240916;620220500066937;0;164778.07;14441;2379560109;;27692
20653 ;220200329 ;04030S01360520220510000757;240259;620220500063085;0;159244.03;14441;2299643037;;27693
20844 ;220200363 ;04030S01360520220510000749;238268;620220500048190;0;112363.2;14353;1612749010;;27694
20852 ;220200365 ;04030S01360520220511000762;240332;620220500067912;0;69572.16;14441;1004691563;;27695
20489 ;220200290 ;04030S01360520220404000683;243271;620220500076578;0;63592.9;14441;918345069;;27696
20810 ;2030000349 ;04030S01360520220510000750;238563;620220500050814;0;64500;14353;925768500;;27697
20843 ;220200362 ;04030S01360520220509000748;238613;620220500050041;0;77700;14353;1115228100;;27706
20806 ;220200356 ;04030S01360520220509000746;239919;620220500045506;0;129269.21;14353;1855400971;;27707
20929 ;2040000197 ;00002001360520220517000102;902449;620220500109142;0;69778.17;14441;1007666552.97;;27708
20724 ;220200342 ;04030S01360520220427000737;243758;620220500062937;0;72899.93;14441;1052747889;;27717
21006 ;2040000219 ;00002001360520220518000104;902459;620220500127661;0;50919.68;14441;735331098.88;;27718
20595 ;220200322 ;00000000012920220504100058;247506;620220500107079;0;34968.68;14441;504982707.88;;27719
20676 ;220200336 ;00000000012920220509100062;243274;620220500092099;0;28728;14441;414861048;;27720
20807 ;2030000347 ;04030S01360520220510000758;241078;620220500055173;0;154366.45;10560.93;1630253273;;27721
20856 ;2030000357 ;04030S01360520220509000747;238267;620220500047651;0;112240.8;14353;1610992202;;27722
20737 ;2030000337 ;04030S01360520220510000753;238205;620220500054727;0;59167.72;14353;849234285;;27728
20800 ;2030000345 ;04030S01360520220510000752;239325;620220500054212;0;52992.38;14353;760599630;;27729
20657 ;220200331 ;04030S01360520220427000736;243759;620220500063384;0;78300.93;14441;1130743730;;27732
20808 ;2030000348 ;04030S01360520220510000755;241143;620220500051541;0;154498.5;10560.93;1631647844;;27734
21020 ;2040000222 ;00002001360520220520000107;902546;620220500153951;0;132438.32;14566;1929096569.12;;27740
20639 ;2030000319 ;04030S01360520220513000766;245849;620220500096900;0;164984.08;10277.3;1695590885;;27765
20596 ;220200323 ;00000000012920220504100059;247504;620220500107053;0;40897.26;14441;590597331.66;;27771
20709 ;220200338 ;04030S01360520220421000717;246375;620220400295497;0;67014.99;14353;961866151;;27772
21034 ;2040000226 ;00002001360520220518000105;902460;620220500127753;0;45587.47;10277.3;468516105.431;;27814
21005 ;2050000029 ;00002001360520220518000106;902461;620220500126927;0;81918.73;14441;1182988379.93;;27822
20937 ;2040000200 ;00002001360520220510000091;902320;620220500055524;0;16277.8;10560.93;171908706.354;;27823
20859 ;220200367 ;04030S01360520220428000743;258651;620220500120567;0;72899.93;14566;1061860380;;27824
20678 ;2030000325 ;04030S01360520220511000761;243779;620220500091284;0;55968.88;14441;808246596;;27826
21007 ;2040000220 ;00000000012920220519100070;258307;620220500154102;0;23241.03;10463.63;243185538.74;;27827
20823 ;2030000354 ;00000000012920220511100065;247507;620220500107143;0;29484;14441;425778444;;27828
20820 ;2030000352 ;00000000012920220510100064;247498;620220500108572;0;29469.38;14441;425567316.58;;27829
20821 ;2030000353 ;00000000012920220510100063;247495;620220500107030;0;29484;14441;425778444;;27830
20972 ;2030000378 ;00000000012920220518100069;258306;620220500154073;0;50889;14566;741249174;;27887
20680 ;220100239 ;04030S01360520220428000745;254571;620220500127157;0;78300.93;14566;1140531346;;27888
20680 ;220100239 ;04030S01360520220428000745;254571;620220500127157;0;78300.93;14566;1140531346;;27888
20925 ;2040000196 ;00000000012920220517100067;261995;620220500172319;0;44044.55;10086.66;444262400.7;;27889
20858 ;220200366 ;04030S01360520220517000769;261482;620220500138832;0;69954.4;14566;1018955790;;27890
20974 ;220200385 ;04030S01360520220519000777;257816;620220500137121;0;67539.98;14566;983787349;;27891
20715 ;2030000332 ;04030S01360520220425000726;258652;620220500120615;0;176769.44;14566;2574823663;;27893
20723 ;220200341 ;04030S01360520220422000724;255951;620220500120060;0;220356.71;14566;3209715838;;27894
21060 ;2050000064 ;00002001360520220523000108;902548;620220500166832;0;79377.64;14566;1156214704.24;;27895
20988 ;2050000015 ;00002001360520220513000100;902377;620220500095711;0;154014.65;10277.3;1582854762.445;;27908
21038 ;2050000045 ;00002001360520220524000109;902589;620220500189914;0;38111.41;14566;555130798.06;;27915
20693 ;2030000329 ;04030S01360520220421000720;250383;620220500107119;0;175841.79;14441;2539331289;;27916
20946 ;220200379 ;04030S01360520220519000778;257174;620220500137751;0;266395.64;14566;3880318892;;27917
20794 ;220200352 ;00000000012920220520100073;261996;620220500172331;0;28728;14566;418452048;;27925
20797 ;220200354 ;00000000012920220519100071;261997;620220500172908;0;28671;14566;417621786;;27926
20796 ;220200353 ;00000000012920220520100074;261994;620220500172302;0;28728;14566;418452048;;27927
20792 ;220200351 ;00000000012920220519100072;261993;620220500172295;0;28728;14566;418452048;;27928
20923 ;2030000367 ;04030S01360520220518000776;262093;620220500152235;0;187681.73;14566;2733772079;;27942
20860 ;220200368 ;04030S01360520220428000741;272160;620220500188119;0;72899.93;14566;1061860380;;27943
21067 ;2050000069 ;00002001360520220525000110;902618;620220500206035;0;62861.56;14566;915641482.96;;27944
20888 ;2030000363 ;00002001360520220525000111;902619;620220500206232;0;65086.03;14566;948043112.98;;27945
21004 ;220200388 ;04030S01360520220521000789;266784;620220500187141;0;146113.52;14566;2128289532;;27946
20991 ;2040000218 ;04030S01360520220519000779;261570;620220500150523;0;133381.01;14566;1942827792;;27947
20840 ;220200360 ;04030S01360520220519000781;262907;620220500169966;0;182960.84;14566;2665007595;;27948
20788 ;220200350 ;04030S01360520220427000735;272163;620220500190592;0;72899.93;14566;1061860380;;27949
20981 ;2040000216 ;04030S01360520220523000792;267906;620220500183457;0;27500;14566;400565000;;27950
20980 ;2040000215 ;04030S01360520220523000791;267901;620220500183456;0;25000;14566;364150000;;27951
20979 ;2040000214 ;04030S01360520220523000790;267900;620220500183454;0;23875;14566;347763250;;27952
20989 ;2040000217 ;04030S01360520220512000763;253691;620220500127289;0;21600;14566;314625600;;27953
20805 ;2030000346 ;04030S01360520220513000765;272161;620220500189572;0;307488.22;14566;4478873413;;27954
20885 ;2040000165 ;04030S01360520220523000793;267379;620220500190782;0;282486.12;14566;4114692824;;27989
21155 ;2050000129 ;00000000071520220527220819;165599;620220500245667;0;61499.33;14682;902933163.06;;27990
20463 ;220100232 ;04030S01360520220404000687;272162;620220500190244;0;78300.93;14566;1140531346;;27995
20463 ;220100232 ;04030S01360520220404000687;272162;620220500190244;0;78300.93;14566;1140531346;;27995
20922 ;220200374 ;04030S01360520220519000782;273961;620220500216743;0;72899.93;14682;1070316772;;27996
20921 ;220200373 ;04030S01360520220513000764;273963;620220500220057;0;78300.93;14682;1149614254;;27997
20730 ;2030000335 ;04030S01360520220421000721;257817;620220500138387;0;209948.27;14566;3058106501;;28016
20944 ;220200378 ;04030S01360520220517000768;273959;620220500215597;0;252414.19;14682;3705945138;;28017
20910 ;2030000365 ;04030S01360520220519000780;273982;620220500216089;0;53531.69;14682;785952273;;28018
21076 ;2040000231 ;04030S01360520220524000795;273754;620220500225004;0;23000;14682;337686000;;28019
20370 ;220200272 ;00000000012920220512100066;275885;620220500240694;0;47878.34;14682;702949787.88;;28020
20654 ;220200330 ;00000000012920220524100075;270723;620220500218673;0;53682.2;14682;788162060.4;;28100
20755 ;2030000341 ;04030S01360520220513000767;272159;620220500185774;0;227818.04;14566;3318397571;;28101
21183 ;2050000149 ;00002001360520220603000112;902805;620220600027443;18740000;72004.28;10410.35;749589756.298;;28108
21110 ;2040000241 ;04030S01360520220530000807;287742;620220500258417;7988000;21760;14682;319480320;;28137
21237 ;2060000019 ;00002001360520220613000116;902986;620220600123626;6239000;23850.23;10462.55;249534223.886;;28138
21145 ;2040000248 ;04030S01360520220607000818;294833;620220600069581;116919000;319536.14;14636;4676730945;;28139
20963 ;2030000377 ;04030S01360520220603000815;293920;620220600045913;59697000;163148.78;14636;2387845544;;28140
20975 ;220200386 ;04030S01360520220524000797;281690;620220500253439;30178000;78300.93;14682;1149614254;;28141
21180 ;2040000250 ;00002001360520220607000113;902873;620220600063966;16730000;43543.81;14636;637307203.16;;28142
20883 ;220200372 ;04030S01360520220517000771;284029;620220600018027;70858000;184431.97;14636;2699346313;;28143
21027 ;2030000387 ;04030S01360520220527000805;281050;620220500235610;76015000;197234.73;14682;2895800306;;28144
20754 ;2030000340 ;04030S01360520220602000813;282522;620220600009137;68317000;177816.32;14636;2602519660;;28145
21104 ;2030000395 ;04030S01360520220531000808;282258;620220500256847;16788000;45735.9;14682;671494484;;28146
21193 ;2050000156 ;00002001360520220613000117;902987;620220600123482;11712000;32254.42;14524;468463196.08;;28147
21115 ;2040000244 ;04030S01360520220602000814;284185;620220600016624;56342000;153979.76;14636;2253647767;;28148
21052 ;2030000389 ;00000000012920220525100076;286882;620220600030612;13484000;32760;15679.62;513664351.2;;28149
20762 ;220200348 ;00000000012920220517100068;289313;620220600042799;10650000;27720;14636;405709920;;28150
20809 ;220100246 ;00000000012920220531100077;286886;620220600031220;8981000;23376;14636;342131136;;28151
21075 ;220200390 ;00000000012920220603100078;286873;620220600031771;41017000;42773.75;15679.62;670676145.98;;28152
20284 ;220200262 ;00000000012920220603100078;286873;620220600031771;41017000;42773.75;15679.62;670676145.98;;28153
20954 ;220200380 ;04030S01360520220524000794;288487;620220600023018;64923000;169792.95;14636;2485089616;;28154
21192 ;2050000155 ;00002001360520220608000114;902884;620220600078037;14166000;38715.23;14636;566636106.28;;28156
21014 ;2040000221 ;04030S01360520220524000796;293980;620220600044729;23133000;61678.97;14636;902733405;;28175
20971 ;220200384 ;04030S01360520220520000787;270096;620220500187759;0;265089.37;14566;3861291763;;28176
21026 ;2040000224 ;04030S01360520220524000798;302171;620220600087829;7194000;19812.65;14524;287758929;;28177
21154 ;2040000249 ;04030S01360520220608000819;297896;620220600075859;78988000;212231.71;14524;3082453356;;28178
20964 ;220200382 ;04030S01360520220525000799;298543;620220600063689;21962000;57162.27;14636;836626984;;28179
20973 ;2030000379 ;04030S01360520220525000800;302159;620220600088364;29853000;78300.93;14524;1137242707;;28180
21278 ;2060000045 ;00002001360520220614000118;903009;620220600138693;19476000;51083.65;14524;741938932.6;;28189
21238 ;2050000181 ;00002001360520220609000115;902905;620220600091630;13323000;36691.18;14524;532902698.32;;28190
21132 ;2050000110 ;04030S01360520220610000826;305675;620220600107843;48116000;183953.19;10462.55;1924619448;;28199
21289 ;2060000052 ;00002001360520220616000119;903053;620220600160949;58654000;226054.84;10378.61;2346135022.972;;28200
20307 ;220200266 ;00000000012920220419100051;309957;620220600132469;60321000;46146;14524;670224504;;28201
21051 ;2030000388 ;00000000012920220606100084;300658;620220600091153;39406000;28107.52;15577.35;437840676.67;;28223
21152 ;2050000127 ;00000000012920220608100085;309991;620220600138564;34311000;43725.14;10462.55;457476463.51;;28224
21296 ;2060000058 ;00002001360520220617000120;903072;620220600170995;6277000;24189.01;10378.61;251048301.076;;28227
20924 ;2030000368 ;04030S01360520220517000775;307534;620220600089839;27794000;72899.93;14524;1058798583;;28228
20983 ;2030000381 ;04030S01360520220520000786;307533;620220600089664;29853000;78300.93;14524;1137242707;;28229
20744 ;2030000338 ;04030S01360520220609000822;305410;620220600115869;103480000;271418.77;14524;3942086215;;28230
20930 ;2030000370 ;04030S01360520220520000785;307627;620220600093064;29382000;77064.65;14524;1119286977;;28279
20926 ;220200375 ;04030S01360520220517000770;307626;620220600090141;29853000;78300.93;14524;1137242707;;28280
21223 ;2050000180 ;04030S01360520220613000828;313056;620220600122787;21587000;59059.76;14524;857783954;;28281
21222 ;2050000179 ;04030S01360520220613000829;311168;620220600123386;65379000;180056.1;14524;2615134796;;28282
21253 ;2050000187 ;04030S01360520220613000830;311166;620220600122019;79906000;220064.06;14524;3196210407;;28283
21089 ;2040000235 ;04030S01360520220608000820;303190;620220600101470;20236000;54369.92;14524;789668718;;28284
21114 ;2040000243 ;04030S01360520220608000821;303189;620220600100416;19307000;52520.93;14524;762813987;;28285
21143 ;2040000247 ;04030S01360520220607000816;302172;620220600087830;47316000;127131.89;14524;1846463570;;28286
21066 ;2040000230 ;04030S01360520220531000812;311537;620220600135918;50343000;132043.24;14524;1917796018;;28287
20961 ;220200381 ;04030S01360520220520000784;288488;620220600023469;102582000;267003.47;14636;3907862787;;28288
21163 ;2030000399 ;00000000012920220620100089;320263;620220600187529;13285000;32760;15448.54;506094170.4;;28310
20915 ;2040000191 ;00000000012920220615100087;318592;620220600174146;20260000;49958.6;15448.54;771787430.44;;28311
20942 ;220200377 ;00000000012920220621200198;323824;620220600213735;28215000;72899.93;14744;1074836567.92;;28316
21242 ;2050000184 ;04030S01360520220616000838;318590;620220600164344;7859000;21670;14506;314345020;;28317
21185 ;2050000151 ;04030S01360520220614000831;322689;620220600172509;161901000;207992.02;10378.61;2158668059;;28318
21184 ;2050000150 ;04030S01360520220614000832;322688;620220600172345;161900000;207991.78;10378.61;2158665568;;28319
21360 ;2060000106 ;00002001360520220623000122;903193;620220600223790;11928000;32358.41;14744;477092397.04;;28320
21388 ;2060000130 ;00002001360520220623000123;903194;620220600223944;12882000;34945.86;14744;515241759.84;;28321
21346 ;2060000093 ;00002001360520220624000125;903220;620220600230794;11301000;30657.13;14744;452008724.72;;28381
21361 ;2060000107 ;00002001360520220624000124;903219;620220600230348;6163000;24040.07;10254.19;246511445.393;;28382
20927 ;220200376 ;04030S01360520220517000772;307624;620220600089838;35997000;94415.83;14524;1371295515;;28383
21353 ;2060000100 ;00002001360520220622000121;903167;620220600211513;20757000;54510.41;14506;790728007.46;;28384
21227 ;2040000251 ;00000000012920220616100088;334346;620220600257361;26871000;24300;14744;358279200;;28405
21065 ;2040000229 ;00000000012920220620100090;333308;620220600252954;10339000;26712;14744;393841728;;28406
21093 ;2040000239 ;00000000012920220622100094;333316;620220600254551;9656000;24948;14744;367833312;;28407
21101 ;2030000392 ;00000000012920220603100081;333303;620220600252273;11412000;29484;14744;434712096;;28408
21100 ;2030000391 ;00000000012920220603100080;333314;620220600253620;11412000;29484;14744;434712096;;28409
21414 ;2060000153 ;00002001360520220628000126;903297;620220600269904;21021000;54313.44;14744;800797359.36;;28410
21329 ;2040000256 ;04030S01360520220615000836;318612;620220600164343;12317000;30645.71;14830.48;454490589;;28411
20912 ;2030000366 ;00000000012920220615100086;323609;620220600212241;22848000;56421.4;15426.4;870379084.96;;28412
20845 ;220200364 ;04030S01360520220517000774;307535;620220600093066;36014000;94460.56;14524;1371945173;;28436
21335 ;2040000260 ;00000000012920220624200202;333309;620220600257326;79320000;215191.57;14744;3172784508.08;;28447
20846 ;2030000356 ;00000000012920220623200200;333307;620220600257225;67094000;173353.76;14744;2555927837.44;;28451
21105 ;2030000396 ;00000000012920220603100083;333304;620220600252275;11248000;29059.88;14744;428458870.72;;28453
21102 ;2030000393 ;00000000012920220603100079;333306;620220600252325;11412000;29484;14744;434712096;;28454
21103 ;2030000394 ;00000000012920220603100082;333305;620220600252279;11315000;29235.38;14744;431046442.72;;28455
21273 ;2050000191 ;00000000012920220623100097;339147;620220600273963;8717000;23500;14837;348669500;;28487
21092 ;2040000238 ;00000000012920220621100093;333312;620220600253421;9656000;24948;14744;367833312;;28488
21090 ;2040000236 ;00000000012920220621100092;333315;620220600253756;10339000;26712;14744;393841728;;28489
21272 ;2050000190 ;00000000012920220622100096;339150;620220600274750;8161000;22000;14837;326414000;A6B700HK2PE8VJPU;28497
21274 ;2050000192 ;00000000012920220623100098;339148;620220600273972;9923000;26750;14837;396889750;;28498
20713 ;220100243 ;00000000012920220621200199;333311;620220600257403;36671000;94749.54;14744;1396987217.76;;28499
21176 ;2050000143 ;00000000012920220624100099;336825;620220600266238;19947000;49256.4;15426.4;759848928.96;;28500
21300 ;2050000200 ;00000000012920220627200203;340170;620220600280613;32100000;86309.07;14837;1280567671.59;;28501
21332 ;2050000207 ;00000000012920220628100102;342498;620220600295878;30450000;82090.8;14837;1217981199.6;BF9BA7L01E1C88E6;28502
21140 ;2030000398 ;00000000012920220628200206;344977;620220700009590;19809000;51171.2;14837;759227094.4;01C050HK2PH8393M;28503
21462 ;2060000195 ;00002001360520220705000130;903446;620220700043364;11730000;31621.94;14837;469174723.78;3197343A23QPOA34;28507
21467 ;2050000222 ;00000000012920220628200204;344978;620220700010197;103862000;273177.15;14837;4053129374.55;606CF6OIHJHUU9ML;28550
21408 ;2060000149 ;00002001360520220628000127;903298;620220600269875;34565000;134832.41;10254.19;1382597150.298;;28551
21091 ;2040000237 ;00000000012920220621100092;333310;620220600253756;10339000;23803.2;14744;350954380.8;;28562
21441 ;2060000179 ;00002001360520220630000128;903342;620220600296103;18956000;73657.47;10293.65;758204216.066;;28563
21472 ;2060000201 ;00002001360520220705000131;903447;620220700043828;12555000;48784.81;10293.65;502173759.456;2E7EF7L01E4BCAHK;28564
21452 ;2060000188 ;00002001360520220704000129;903433;620220700031917;19739000;50679.21;14837;751927438.77;145736OIHJHUUUTD;28569
21264 ;2050000188 ;00000000012920220628100100;340168;620220600280504;9181000;24750;14837;367215750;72C5F43A23NQJPDO;28570
20839 ;220200359 ;00000000012920220622100095;347335;620220700023351;51626000;38660.93;14837;573612218.41;5957E1E1IK3KGMHN;28578
21304 ;2050000201 ;00000000012920220629100104;347611;620220700028027;8532000;23000;14837;341251000;510056OIHJHUUR3R;28579
21230 ;2040000254 ;00000000012920220701200209;352698;620220700051085;53789000;138106.5;14837;2049086140.5;14D294VNHUD65HKD;28580
21364 ;2050000209 ;00000000012920220630200207;349997;620220700036295;21628000;58308;14837;865115796;F98204VNHUD65367;28581
21153 ;2050000128 ;00000000012920220706100109;355658;620220700063640;11852000;31891.2;14865;474062688;4A70B0HK2PH84TSO;28582
21128 ;2030000397 ;00000000012920220628200205;352697;620220700048614;10534000;27046.73;14837;401292333.01;999E143A23QPOF76;28583
21485 ;2050000223 ;00002001360520220705000132;903448;620220700043617;7892000;30666.51;10293.65;315670320.662;E65886OIHJHUVAB1;28586
21113 ;2040000242 ;00000000012920220629100103;352590;620220700045624;9387000;24100.8;14837;357583569.6;2BCA243A23QPOC9O;28618
20951 ;2030000374 ;00000000012920220629100105;352591;620220700045828;38427000;98662.8;14837;1463859963.6;B51547L01E4BCCG4;28619
21282 ;2050000195 ;04030S01360520220705000864;355657;620220700048859;160575000;207991.78;10293.65;2140994586;03CAA8HDH8MNPFER;28620
21244 ;2050000185 ;04030S01360520220705000862;357304;620220700055372;55116000;148309.24;14865;2204616853;864C82AF2EM0ULQC;28621
21265 ;2050000189 ;04030S01360520220705000863;357399;620220700056739;18865000;48344.03;14865;718634006;8F03F8HDH8MNPN53;28622
21074 ;2050000076 ;00000000012920220706100110;357985;620220700075447;21144000;82620;10236.34;845726410.8;517A36OIHJHV09DN;28623
21325 ;2050000204 ;04030S01360520220706000865;357463;620220700060518;33563000;90141.07;14865;1339947006;EEA2E7L01E4BCQR6;28624
21382 ;2050000212 ;00000000012920220630200208;352700;620220700051707;30396000;81775.94;14837;1213309621.78;458166OIHJHUV17R;28657
21381 ;2050000211 ;00000000012920220701200210;352702;620220700051897;66878000;180299.39;14837;2675102049.43;3D9BB6OIHJHUVIDP;28658
21241 ;2050000183 ;04030S01360520220712000876;368388;620220700111607;28447000;72899.93;14865;1083657459;31C856OIHJHV1CNN;28674
20990 ;2050000016 ;00000000012920220705100108;362126;620220700097085;30267000;73951.2;15591.3;1152995344.56;927C14VNHUD66UHT;28675
21536 ;2060000219 ;00002001360520220712000133;903571;620220700109337;20351000;79522.52;10236.34;814019552.377;CBCDB6OIHJHV1AGP;28676
21557 ;2060000228 ;00002001360520220714000136;903616;620220700139646;122714000;327520.576;14987;4908550866.517;A857B5S51OVIL83U;28677
21551 ;2070000050 ;00002001360520220714000135;903608;620220700131537;14032000;37450.91;14987;561276788.17;ED54C6OIHJHV206H;28679
21560 ;2050000228 ;04030S01360520220707000870;365356;620220700087777;33134000;87610.6;14865;1302331569;0399F6OIHJHV0LF1;28680
21164 ;2030000400 ;04030S01360520220708000872;361938;620220700081647;35852000;94118.42;14865;1399070313;22AB56OIHJHV0FFF;28681
21552 ;2060000226 ;00002001360520220713000134;903592;620220700123236;90948000;244729.841;14865;3637909092.411;9D6415S51OVIKO34;28682
21298 ;2050000199 ;04030S01360520220707000869;362341;620220700082648;99503000;261218.39;14865;3883011367;A69AB7L01E4BDGEO;28683
21316 ;2050000202 ;04030S01360520220706000868;361932;620220700070696;162596000;211788.2;10236.34;2167936023;562A45S51OVIJ4P8;28684
21317 ;2050000203 ;04030S01360520220706000867;361933;620220700071674;159681000;207991.78;10236.34;2129074577;0D9A043A23QPP5NQ;28685
21295 ;2050000198 ;00000000012920220704100106;362125;620220700096874;13000000;34980;14865;519977700;FE4C443A23QPPUBA;28686
21245 ;2050000186 ;04030S01360520220620000847;361934;620220700072854;23107000;62176.04;14865;924246835;CD28443A23QPP6SM;28687
20722 ;220100245 ;00000000012920220623200201;332255;620220600247965;28027000;72413.92;14744;1067670836.48;;28697
21328 ;2050000206 ;04030S01360520220706000866;361936;620220700076256;52165000;203841.02;10236.34;2086585987;63C3D5S51OVIJA70;28699
21355 ;2040000261 ;04030S01360520220712000875;369788;620220700111264;28415000;72818.68;14865;1082449678;AFB9643A23QPQCD0;28711
21160 ;220200393 ;04030S01360520220620000845;369852;620220700115295;28447000;72899.93;14865;1083657459;3A5304VNHUD67GAV;28712
21159 ;220200392 ;04030S01360520220617000841;369748;620220700099384;59954000;153646.93;14865;2283961614;3038A43A23QPQ0PO;28713
21454 ;2050000220 ;04030S01360520220712000877;367910;620220700112279;23298000;62042.18;14865;922257006;D6B338HDH8MNRDCN;28714
21601 ;2070000087 ;00002001360520220719000138;903703;620220700175920;19821000;77467.98;10234.21;792823575.596;5FBEE0HK2PH88BHG;28726
21013 ;2030000385 ;00000000012920220713200214;371134;620220700138025;30805000;78300.93;14987;1173496037.91;951654VNHUD686H9;28727
21409 ;2050000214 ;00000000012920220713200215;374283;620220700154853;16085000;62867.58;10234.21;643400015.91;1AB6C36SI98DEMV5;28728
21283 ;2050000196 ;04030S01360520220712000878;371988;620220700114331;159580000;207860.3;10236.34;2127728703;A287A1E1IK3KJFCR;28729
20962 ;2040000210 ;00000000012920220704100107;376640;620220700159773;15456000;38354.5;15350.57;588763437.07;1507336SI98DEROT;28730
21600 ;2060000237 ;00002001360520220719000137;903702;620220700176059;11637000;31056.64;14987;465445863.68;28FF68HDH8MNTBLR;28731
21540 ;2060000221 ;04030S01360520220719000880;382936;620220700177938;81892000;218565.55;14987;3275641898;7AFB47L01E4BGDGI;28785
21566 ;2060000231 ;00000000012920220718100116;391155;620220700233441;27318000;24300;14989;364232700;B11031E1IK3KN3N1;28827
21094 ;2040000240 ;00000000012920220718100114;387430;620220700214271;14366000;36511.42;14989;547269674.38;41ECE1E1IK3KMGVV;28828
21243 ;2040000255 ;00000000012920220726100121;393897;620220700243470;9190000;23355.6;14989;350077088.4;EB01F0HK2PH8ADGE;28903
21366 ;2050000210 ;00000000012920220718200220;394374;620220700247326;13958000;37024.34;14989;554957832.26;BEC6E5S51OVIOH8U;28904
21390 ;2050000213 ;00000000012920220719100117;391156;620220700233976;12580000;33568.88;14989;503163942.32;5E52B5S51OVIO470;28905
21125 ;2040000246 ;00000000012920220718100115;387431;620220700214308;18575000;47206.8;14989;707582725.2;22BD87L01E4BHH14;28906
21281 ;2050000194 ;00000000012920220707100111;387432;620220700214429;20909000;52892.5;15059.15;796516091.38;B6A078HDH8MNUH4T;28907
21508 ;2060000215 ;04030S01360520220721000902;393518;620220700233546;20516000;54717.71;14989;820163755;164315S51OVIO3QA;28908
21453 ;2050000219 ;04030S01360520220719000881;397926;620220700234249;21265000;55413.3;14989;830589954;5C1698HDH8MNV4G9;28909
21542 ;2060000223 ;04030S01360520220721000895;396141;620220700202952;56327000;150314.64;14989;2253066139;E244E2AF2EM135U8;28910
21121 ;2040000245 ;00000000012920220708100112;400069;620220700267903;17252000;43809.52;15001;657186609.52;EB28336SI98DI5BV;28911
21661 ;2070000131 ;00002001360520220728000141;903882;620220700273990;15196000;40518.47;15001;607817568.47;CA20B0HK2PH8BBA6;28912
21650 ;2060000246 ;00002001360520220726000140;903836;620220700244461;20500000;80935.44;10131.07;819962608.121;328B81E1IK3KNEFD;28913
21676 ;2060000252 ;00002001360520220729000142;903906;620220700283576;15684000;41818.8;15001;627323818.8;6D2365S51OVIPKLO;28914
21674 ;2070000138 ;00002001360520220729000143;903907;620220700284575;8987000;23961.97;15001;359453511.97;BEE3A4VNHUD6CLKV;28915
21229 ;2040000253 ;04030S01360520220723000906;391167;620220700220137;55187000;140259.95;14989;2102356391;0D77D6OIHJHV4MN9;28916
21228 ;2040000252 ;04030S01360520220721000901;391166;620220700220113;54587000;138733.27;14989;2079472984;8CBCA36SI98DGMMH;28917
20976 ;220200387 ;00000000012920220718200222;387939;620220700220140;28684000;72899.93;14989;1092697050.77;60A670HK2PH89MNC;28918
21442 ;2050000217 ;00000000012920220720100119;394126;620220700243181;17815000;22254.85;10673.19;237530242.47;E1A271E1IK3KND7D;28919
21559 ;2060000229 ;04030S01360520220722000904;401190;620220700237320;10212000;27250;14989;408450250;22C0D0HK2PH8A7G8;28920
21622 ;2060000241 ;04030S01360520220722000905;401192;620220700250655;8027000;21420;14989;321064380;ACD244VNHUD6BKGV;28921
21561 ;2060000230 ;04030S01360520220722000903;401189;620220700237319;8454000;22560;14989;338151840;BD39C8HDH8MNV7G7;28922
21568 ;2060000232 ;00000000012920220720100118;393896;620220700242912;49179000;43746;14989;655708794;404022AF2EM14CV0;28923
21641 ;2070000117 ;00002001360520220726000139;903835;620220700245461;10496000;41440.33;10131.07;419834884.053;40AED1E1IK3KNFEL;28932
21703 ;2070000160 ;00002001360520220802000145;903990;620220800026242;11369000;30314.07;15001;454741364.07;F47F72AF2EP09HK2;28962
21710 ;2070000166 ;00002001360520220803000147;904015;620220800044467;17050000;45461.16;15001;681962861.16;8BB5A6OIHJKUB3DJ;28968
21025 ;2030000386 ;04030S01360520220527000806;281052;620220500237060;81888000;212472.44;14682;3119520364;;28976
21705 ;2070000161 ;00002001360520220802000146;903991;620220800026626;20059000;77609.04;10338.41;802354075.226;09F365S51P2HTI02;28977
20928 ;2030000369 ;00000000012920220718200221;393892;620220700235758;37220000;94595.22;14989;1417887752.58;B00327L01E4BI5VE;28978
21725 ;2070000170 ;00002001360520220805000148;904063;620220800065861;14313000;38260.42;14963;572490664.46;EE1F21E1IK6JTOA5;28984
21410 ;2050000215 ;04030S01360520220720000893;406812;620220700269604;60241000;152982.81;15001;2294895133;3459F43A23QPV714;28991
20970 ;220200383 ;04030S01360520220720000888;406788;620220700273749;34009000;86364.29;15001;1295550714;987868HDH8MO0B2L;28992
21161 ;220200394 ;04030S01360520220720000884;406806;620220700261306;60828000;154471.28;15001;2317223671;606FB5S51OVIOUTQ;28993
21330 ;2040000257 ;04030S01360520220721000896;406811;620220700269192;30834000;78300.93;15001;1174592251;D2A052AF2EM156K8;28994
21527 ;2040000262 ;04030S01360520220720000894;406810;620220700268678;28707000;72899.93;15001;1093571850;0A0BB7L01E4BJ646;28995
21333 ;2050000208 ;04030S01360520220720000886;408479;620220700261644;60621000;153947.63;15001;2309368398;ECACC43A23QPUV8C;28996
21054 ;2030000390 ;04030S01360520220720000882;408484;620220700281555;30834000;78300.93;15001;1174592251;E0E0E4VNHUD6CIMJ;28997
21162 ;220200395 ;04030S01360520220720000892;406813;620220700270058;60677000;154089.26;15001;2311492989;D59A27L01E4BJ7FA;28998
21667 ;2030000403 ;04030S01360520220720000883;406737;620220700281146;60667000;154063.5;15001;2311106564;D3C9D5S51OVIPI9Q;28999
21331 ;2040000258 ;04030S01360520220721000898;4068807;620220700262917;60007000;152386.54;15001;2285950487;352276OIHJHV60G5;29000
21284 ;2050000197 ;00000000012920220727100122;406880;620220800016186;14378000;36511.42;15001;547707811.42;6A9795S51P2HT7PQ;29001
21612 ;2060000240 ;04030S01360520220727000910;408168;620220700282768;23572000;62458.02;15001;936932758;A0DB57L01E4BJJSG;29002
21488 ;2060000204 ;04030S01360520220720000887;406829;620220700254824;16114000;198680.64;10338.41;21141798580;BE05343A23QPUOJ8;29004
20955 ;2030000375 ;00000000012920220713100113;406882;620220800016225;7254000;18062.5;15298.51;276329336.88;1C1014VNHUG5G7R1;29005
21675 ;2070000139 ;00002001360520220801000144;903951;620220800014432;10835000;41919.07;10338.41;433376532.479;C251E2AF2EP09630;29013
21581 ;2060000236 ;04030S01360520220723000907;412611;620220800020906;47633000;127020.34;15001;1905432120;01AC55S51P2HTCDA;29020
20956 ;2030000376 ;00000000012920220704100107;376640;620220700159773;15456000;38354.5;15350.57;588763437.07;1507336SI98DEROT;29031
21683 ;2060000253 ;04030S01360520220802000916;414862;620220800036577;77502000;207181.8;14963;3100061273;ECBC26OIHJKUARN1;29032
21685 ;2060000254 ;04030S01360520220729000914;411205;620220700286925;31868000;84975.11;15001;1274711625;B93E74VNHUD6CNUD;29033
21528 ;2040000263 ;04030S01360520220720000890;408573;620220700259414;28707000;72899.93;15001;1093571850;5091843A23QPUT2M;29036
21022 ;2040000223 ;04030S01360520220720000889;408480;620220700262167;30834000;78300.93;15001;1174592251;4F3AE6OIHJHV5VON;29037
21158 ;220200391 ;04030S01360520220720000885;406786;620220700272961;60642000;153998.78;15001;2310135699;6985E1E1IK3KOAA1;29038
21526 ;2030000402 ;04030S01360520220721000897;403728;620220700262748;60631000;153971.76;15001;2309730372;D30E17L01E4BJ0AS;29039
21770 ;2050000237 ;00000000012920220802100126;416430;620220800057460;9640000;25769.8;14963;385593517.4;8CE6A0HK2PK7GG3K;29040
21541 ;2060000222 ;00000000071520220803221242;247113;620220800064359;1555000;3810.76;14963;57305447.03;223188HDH8PN5MR7;29041
21510 ;2060000217 ;04030S01360520220728000912;402506;620220700271919;34385000;12015820;109.01;1313148566;61E618HDH8MO099F;29042
21611 ;2060000239 ;04030S01360520220727000911;408093;620220700284167;22344000;59217.38;15001;888319917;E0DBE6OIHJHV6L87;29043
21515 ;2060000218 ;00000000012920220729100125;406881;620220800016217;19962000;50692.5;15001;760438192.5;EA13D6OIHJKUA7QP;29044
21762 ;2070000184 ;00002001360520220809000149;904148;620220800099305;29594000;79110.87;14963;1183735947.81;919BF4VNHUG5IOV9;29060
21579 ;2060000234 ;04030S01360520220802000915;419244;620220800050073;35800000;93368.3;14963;1397069873;1C49436SI9BCN8SP;29065
21759 ;2080000018 ;00002001360520220809000150;904149;620220800098867;20370000;78103.81;10432.06;814783632.149;E1BC56OIHJKUCOHJ;29066
21606 ;2060000238 ;04030S01360520220804000920;421736;620220800061697;58492000;223072.57;10432.06;2327106435;39C3C6OIHJKUBK81;29067
21668 ;2060000249 ;04030S01360520220803000917;424261;620220800069909;8791000;23500;14963;351630500;A62208HDH8PN5S8L;29068
21669 ;2060000250 ;04030S01360520220805000924;424260;620220800069907;10288000;27500;14963;411482500;5627E6OIHJKUBS8J;29069
21565 ;2070000058 ;04030S01360520220726000909;413626;620220800019937;51304000;202695.68;10338.41;2095551045;1A7346OIHJKUABF1;29125
21640 ;2060000244 ;04030S01360520220805000927;429328;620220800107385;55785000;149726.52;14903;2231374328;7595D4VNHUG5J0RP;29129
21671 ;2060000251 ;04030S01360520220805000928;429002;620220800096976;20678000;53928.05;14963;806925412;BEAAB5S51P2HVMMG;29130
21649 ;2060000245 ;04030S01360520220804000921;429001;620220800096621;16738000;44057.9;14963;659238358;4BA121E1IK6JUMBD;29131
21644 ;2050000234 ;04030S01360520220805000929;433051;620220800119343;24622000;66085.48;14903;984871908;A62C436SI9BCPCHF;29132
21820 ;2080000057 ;00002001360520220815000151;904274;620220800145343;16864000;43105.92;14903;642407525.76;26BEE36SI9BCQ5TV;29133
21815 ;2080000055 ;00002001360520220816000153;904310;620220800163503;5619000;21684.57;10364.02;224739317.171;E1B5C36SI9BCQNLF;29134
21811 ;2080000052 ;00002001360520220816000152;904309;620220800163571;5580000;21532.75;10364.02;223165851.655;901641E1IK6K0NNJ;29135
21334 ;2040000259 ;04030S01360520220803000919;429757;620220800101418;33353000;84914.63;14963;1270577609;A09127L01E7APR1A;29136
21625 ;2050000231 ;04030S01360520220803000918;422264;620220800069915;11065000;25783.2;15604.78;402341164;8AC164VNHUG5HS8R;29137
21849 ;2070000202 ;00002001360520220819000155;904380;620220800191397;7020000;26843.4;10459.53;280769347.602;DE78F6OIHJKUFIT5;29150
21832 ;2070000198 ;00002001360520220818000154;904344;620220800179334;11563000;31032.78;14903;462481520.34;7781E43A23TP8746;29151
21607 ;2050000229 ;04030S01360520220721000899;444243;620220800156447;67060000;179989.42;14903;2682382326;A8F696OIHJKUEGOV;29152
21695 ;2060000258 ;04030S01360520220815000941;442703;620220800163795;55735000;149593.92;14903;2229398190;BCF324VNHUG5KNUJ;29153
21519 ;2050000227 ;00000000012920220727100123;445778;620220800195002;71863000;53848.7;14828;798468523.6;F133B2AF2EP0EMDQ;29154
20205 ;220100208 ;04030S01360520220812000936;442706;620220800168860;25302000;67219.74;14903;1001775785;BB4E50HK2PK7JSSS;29155
21574 ;2060000233 ;04030S01360520220804000923;435241;620220800111659;176665000;217994.84;10364.02;2355531356;0003E8HDH8PN751B;29156
21580 ;2060000235 ;04030S01360520220804000922;435242;620220800112105;186094000;230007.32;10364.02;2481242359;43C934VNHU5J5F9;29159
21035 ;2040000227 ;00000000012920220628100101;406879;620220800016138;16496000;41889.86;15001;628389789.86;4AA2F7L01E7AN7OA;29221
21036 ;2040000228 ;00000000012920220729100124;406883;620220800016245;17085000;0;0;0;;29222
21036 ;2040000228 ;00000000012920220729100124;406883;620220800016245;17085000;43387.18;15001;650851087.18;91D4E4VNHUG5G7RL;29222
21037 ;220200389 ;04030S01360520220720000891;406836;620220700280236;97241000;246944.01;15001;3704407094;16D995S51OVIPHDC;29223
21756 ;2060000271 ;00002001360520220823000157;904470;620220800226188;1104000;2977.8;14828;44154818.4;1CA6D7L01E7ATKSC;29226
21631 ;2060000243 ;00000000012920220818100133;448943;620220800205822;12261000;31500;14828;467082000;C105F2AF2EP0F0VU;29229
21665 ;2060000248 ;00000000012920220818100134;448944;620220800205915;11388000;25257.2;14828;433825761.6;6E1094VNHUG5M12R;29230
21704 ;2060000259 ;04030S01360520220812000935;445159;620220800184363;19732000;52411.12;14828;777152087;E350036SI9BCRC1B;29231
21769 ;2070000185 ;04030S01360520220818000944;446885;620220800178722;49575000;133732.88;14828;1982991145;DA8752AF2EP0E6H2;29232
21748 ;2060000268 ;00000000012920220816100130;448940;620220800205776;10569000;27151.2;14828;402597993.6;6E9765S51P2130UG;29242
21750 ;2060000270 ;00000000012920220816100132;448941;620220800205777;10569000;27151.2;14828;402597993.6;A302B6OIHJKUG0UH;29243
21749 ;2060000269 ;00000000012920220815100129;448939;620220800205769;10569000;27151.2;14828;402597993.6;0A9248HDH8PNA0U9;29244
21835 ;2040000267 ;04030S01360520220823000952;460969;620220800250770;118854000;306054.42;14794;4527769089;8A5880HK2PK7MCSI;29246
21867 ;2080000088 ;00002001360520220823000158;904471;620220800224355;16138000;41458.42;14828;614745451.76;E6FD24VNHUG5MJ33;29249
21854 ;2080000081 ;00002001360520220823000156;904469;620220800224747;5717000;21862.35;10459.53;228669905.696;2840D6OIHJKUGJFB;29250
21852 ;2070000204 ;00002001360520220825000159;904540;620220800259991;20009000;51522.96;14794;762230670.24;D4BDF1E1IK6K3LSN;29253
21642 ;2050000232 ;04030S01360520220815000940;443212;620220800166420;60454000;154531.59;14903;2302984286;EFFBA0HK2PK7JQGK;29254
21886 ;2070000213 ;00002001360520220826000160;904548;620220800265093;11112000;30042.13;14794;444443271.22;47F6436SI9BCTQS5;29255
21608 ;2050000230 ;04030S01360520220805000926;448561;620220800189577;107810000;283733.43;14828;4207199300;B1C916OIHJKUFH49;29256
21716 ;2060000261 ;00000000012920220816100131;448942;620220800205804;12292000;31579.2;14828;468259377.6;E05C943A23TP90VC;29257
21503 ;2050000225 ;00000000012920220824100141;461111;620220800269381;14332000;36905.34;14794;545977599.96;2D30D1E1IK6K3V25;29258
21688 ;2060000256 ;04030S01360520220818000946;446102;620220800191018;53049000;143103.56;14828;2121939588;B07087L01E7ASIHA;29259
21745 ;2070000180 ;04030S01360520220818000945;446101;620220800190912;31504000;84982.86;14828;1260125848;5B9772AF2EP0EIE0;29260
21772 ;2070000186 ;04030S01360520220810000930;447774;620220800194468;8267000;22300;14828;330664400;492217L01E7ASLT4;29261
21504 ;2050000226 ;00000000012920220824100143;461110;620220800269336;15935000;41033.35;14794;607047379.9;1FAE15S51P2I4V0O;29262
21446 ;2050000218 ;00000000012920220824100142;461109;620220800269212;21253000;54726.79;14794;809628131.26;C47962AF2EP0GUSS;29263
21684 ;2070000146 ;04030S01360520220813000939;448386;620220800178475;178294000;227279.86;10459.53;2377240514;8F8E84VNHUG5L69B;29264
21857 ;2060000277 ;04030S01360520220816000942;449288;620220800195713;15301000;35943.39;15658.65;562824964;3E28A36SI9BCRN41;29265
21904 ;2070000219 ;00000000071520220826221354;271649;620220800267874;13679000;36081.11;14794;533783941.34;0416243A23TPAT12;29335
21271 ;2030000401 ;00000000012920220822100135;455536;620220800238750;5086000;12500.1;14794;184926479.4;139E00HK2PK7M14U;29417
21930 ;2070000227 ;04030S01360520220824000954;468718;620220800282240;152384000;412013.69;14794;6095330530;2D08E0HK2PK7NBK0;29418
21930 ;2070000227 ;04030S01360520220824000954;468718;620220800282240;152384000;412013.69;14794;6095330530;2D08E0HK2PK7NBK0;29418
21920 ;2070000226 ;00002001360520220830000164;904630;620220800299570;13028000;35222.48;14794;521081369.12;608EF0HK2PK7NSHI;29419
21885 ;2070000212 ;00002001360520220829000161;904590;620220800285443;13901000;54047.08;10287.7;556020144.916;C2CE936SI9BCUEO3;29420
21722 ;2060000266 ;00000000012920220830100149;468301;620220800300202;15027000;38694.16;14794;572441403.04;632422AF2EP0HT5A;29421
21624 ;2060000242 ;04030S01360520220811000934;473829;620220900015678;28128000;109477.65;10277.07;1125109472;D50647L01EAA2VHU;29422
21813 ;2070000194 ;04030S01360520220820000947;466987;620220800207035;72806000;196398.84;14828;2912202000;1CB984VNHUG5M25R;29423
21810 ;2070000193 ;04030S01360520220820000949;467164;620220800214452;70400000;189910.89;14828;2815998677;BB6E02AF2EP0F9DK;29424
21809 ;2070000192 ;04030S01360520220820000948;466988;620220800214495;84760000;228646.54;14828;3390370895;F7FB34VNHUG5M9EV;29425
21713 ;2070000168 ;00002001360520220830000166;900519;620220900015424;11039000;42962;10277.07;441523481.34;159A943A240OEVA0;29426
21687 ;2060000255 ;00000000012920220810100128;466794;620220800290775;26963000;24300;14794;359494200;37CD34VNHU5OJUN;29428
21682 ;2070000145 ;04030S01360520220811000931;441413;620220800156417;71301000;279458.7;10364.02;2896315556;9A0656OIHJKUEO1;29429
21806 ;2040000265 ;00000000012920220824100140;466797;620220800296017;148528000;110367.32;14981.38;1653454760.5;246296OIHJKUIP2H;29430
21718 ;2060000263 ;00000000012920220830100144;468309;620220800300199;23648000;60893.99;14794;900865688.06;883B28HDH8PNCT57;29431
21724 ;2060000267 ;00000000012920220830100148;468311;620220800300201;21078000;54275.8;14794;802956185.2;0B1D51E1IK6K4T59;29432
21717 ;2060000262 ;00000000012920220830100146;468308;620220800300155;20477000;52728.78;14794;780069571.32;7901B4VNHUG5OT3R;29433
21720 ;2060000264 ;00000000012920220830100145;468303;620220800300154;15962000;41100.97;14794;608047750.18;AB55843A23TPBT3Q;29434
21715 ;2060000260 ;00000000012920220830100147;468310;620220800300200;26619000;68544.29;14794;1014044226.26;1F4D90HK2PK7NT58;29435
21666 ;2050000235 ;00000000012920220824100139;463938;620220800281157;7903000;20094.58;14981.38;301044538.92;4B17F6OIHJKUIAI5;29436
21922 ;2080000127 ;00002001360520220902000169;904721;620220900020530;14905000;40135.8;14854;596177173.2;D2B2F0HK2PN6R49I;29438
21012 ;2030000384 ;00000000012920220824100137;463939;620220800281183;7341000;18666.25;14981.38;279646184.43;00E7B36SI9BCUAIV;29440
21911 ;2080000119 ;00002001360520220831000167;904654;620220800311803;66926000;260213.68;10287.7;2677000275.736;5833436SI9BCV8FR;29442
21780 ;2070000187 ;04030S01360520220827000957;468902;620220800291921;19967000;77157.27;10287.7;793770847;3D6A71E1IK6K4L2H;29450
21840 ;2070000200 ;04030S01360520220831000959;473833;620220900017818;20271000;78482.97;10277.07;806574976;969BF7L01EAA31KQ;29451
21906 ;2080000117 ;00002001360520220830000162;904628;620220800299386;5629000;21885.91;10287.7;225155676.307;8E7F15S51P2I5SBQ;29452
21929 ;2080000134 ;00002001360520220830000163;904629;620220800299233;16074000;41389.2;14794;612311824.8;C03B436SI9BCUS71;29453
21836 ;2070000199 ;04030S01360520220901000962;473831;620220900016260;20277000;53830.62;14854;799600029;D61250HK2PN6R044;29455
21853 ;2070000205 ;04030S01360520220826000956;472651;620220800276117;108684000;293857.74;14794;4347331406;597146OIHJKUI5KL;29456
21817 ;2050000238 ;04030S01360520220823000951;469224;620220800226296;59380000;152553.67;14828;2262065819;7CDEF5S51P213KVO;29457
21808 ;2060000276 ;00000000012920220824100138;466795;620220800291762;17673000;22034.85;10693.43;235628126.04;B65F82AF2EP0HKTI;29458
22017 ;2080000195 ;00002001360520220906000172;904807;620220900054460;6169000;24008.01;10277.07;24673999.331;3B9D80HK2PN6S5DS;29512
21787 ;2070000191 ;00002001360520220907000174;901141;620220900090763;12402000;31749.66;14880;472434940.8;76AED36SI9EC48SB;29515
21783 ;2070000189 ;04030S01360520220903000968;479901;620220900046546;19817000;76504.89;10277.07;786246110;B1F135S51P5H9TMI;29577
21781 ;2070000188 ;04030S01360520220903000967;479902;620220900047110;20575000;79921.46;10277.07;821358439;ABB920HK2PN6RU86;29578
22000 ;2080000188 ;00002001360520220906000173;904808;620220900054068;53797000;21003.74;10277.07;215856906.242;6407C7L01EAA451K;29579
21784 ;2070000190 ;00002001360520220908000175;901452;620220900124094;12811000;32760;14897;488025720;E3F3A43A240OI9DU;29583
21855 ;2070000206 ;04030S01360520220831000960;492586;620220900087276;174386000;228459.66;10177.49;2325145905;C077A5S51P5HB5FC;29584
21905 ;2070000220 ;04030S01360520220906000976;495009;620220900101522;21932000;58955.71;14880;877260965;9A9852AF2ERVNJCI;29585
21791 ;2060000275 ;04030S01360520220822000950;479682;620220900033109;18128000;48642.73;14854;722539111;E8E478HDH8SMGGIL;29586
21910 ;2070000223 ;04030S01360520220906000975;489264;620220900079527;49749000;133732;14880;1989945254;9F0586OIHJNTNTT7;29587
21919 ;2070000225 ;04030S01360520220906000972;492545;620220900053010;78430000;211201.02;14854;3137179951;63DE80HK2PN6S401;29588
21909 ;2070000222 ;04030S01360520220906000973;492546;620220900054967;29252000;77795.39;14854;1155572723;463B06OIHJNTN5TN;29589
21896 ;2070000216 ;04030S01360520220906000974;491012;620220900060228;70243000;188824.5;14880;2809708560;5FF6B7L01EAA4B24;29590
21851 ;2070000203 ;04030S01360520220831000961;492585;620220900086359;173509000;227309.86;10177.49;2313443827;A03D48HDH8SMI4IN;29591
21487 ;2060000203 ;00002001360520220906000170;901121;620220900086747;18604000;50010;14880;744148800;528626OIHJNTO4UR;29592
21771 ;2060000273 ;00002001360520220901000168;900930;620220900061789;10606000;27151.2;14880;404009856;C7A4E8HDH8SMHCIT;29593
22020 ;2070000242 ;00002001360520220914000181;902042;620220900189163;27143000;24300;14893;361899900;2588C36SI9EC78VB;29658
22095 ;2070000248 ;04030S01360520220913000986;498014;620220900135817;19002000;51020.4;14897;760050899;68CDD6OIHJNTPKS9;29691
21897 ;2070000217 ;04030S01360520220902000964;481994;620220900024135;8820000;23750;14854;352782500;DAB7B4VNHUJ4S7Q7;29692
21898 ;2070000218 ;04030S01360520220902000963;481993;620220900024134;10213000;27500;14854;408485000;46DA843A240OF7Q6;29693
21845 ;2070000201 ;04030S01360520220909000981;495635;620220900129145;19380000;76287.27;10097.81;770334358;DBEEB4VNHUJ4VEBP;29694
21782 ;2060000274 ;04030S01360520220909000980;492147;620220900104117;18215000;70233.79;10177.49;714803695;56CA56OIHJNTOLTL;29695
21895 ;2070000215 ;04030S01360520220913000988;495634;620220900126159;206299000;553934.07;14897;8251955841;5470E8HDH8SMJBEF;29696
21721 ;2060000265 ;04030S01360520220912000985;494438;620220900113257;59674000;152772.95;14880;2273261496;485976OIHJNTOUR9;29697
21999 ;2070000238 ;00002001360520220906000171;904806;620220900054212;1064000;27219.21;14854;404314145.34;19762AF2ERVM564;29698
22054 ;2090000032 ;00002001360520220913000178;905010;620220900116167;5704000;22415.34;10177.49;228131898.597;628026OIHJNTP1M7;29699
21866 ;2070000210 ;04030S01360520220831000958;483759;620220800304328;50643000;136374;14854;2025699396;A58E17L01E7B0168;29700
21831 ;2070000197 ;04030S01360520220816000943;442710;620220800177760;59812000;227559.07;10459.53;2380160919;DAC3E0HK2PK7K5J0;29701
21958 ;2070000234 ;04030S01360520220920000996;508910;620220900189799;205017000;550638.81;14893;8200663797;FAA8C8HDH8SML9J7;29702
21719 ;2040000264 ;04030S01360520220811000933;504958;620220900162369;60232000;154026.42;14897;2294531579;E90838HDH8SMKEQ1;29703
22030 ;2040000268 ;04030S01360520220913000989;498074;620220900148119;30620000;78300.93;14897;1166448954;215B58HDH8SMK0SN;29704
22094 ;2080000214 ;00002001360520220923000187;905261;620220900211758;13705000;36809.05;14893;548197181.65;FC5877L0IEAA8V1E;29705
22127 ;2090000077 ;00002001360520220920000183;905181;620220900181177;17413000;68975.87;10097.81;696505229.845;69AFF6OIHJNTR15P;29706
22148 ;2090000094 ;00000000071520220921221481;302633;620220900196295;27519000;73876.07;14893;1100236310;2A06D4VNHUJ51FU7;29707
21907 ;2070000221 ;00002001360520220909000176;901666;620220900149880;10618000;27151.2;14897;404471426.4;98B1C0HK2PN6V2JO;29709
22092 ;2080000213 ;00002001360520220922000184;905232;620220900205442;10064000;27027.47;14893;402520110.71;3AC8B2AF2ERVQOS2;29710
21816 ;2070000195 ;00002001360520220912000177;902198;620220900209608;11438000;29257.2;14893;435727479.6;FE7C87L01EAA8SU8;29711
21757 ;2070000182 ;04030S01360520220914000990;495636;620220900132362;38582000;98662.8;14897;1469779732;28BDC2AF2ERVOHGA;29712
21928 ;2080000133 ;04030S01360520220908000979;500821;620220900147932;17021000;45701.5;14897;680815246;2DAC52AF2ERVP0MS;29713
22068 ;2080000203 ;04030S01360520220919000991;521278;620220900179247;18901000;49844.96;14897;742540369;9FB8F6OIHJNTQV9F;29724
21692 ;2060000257 ;04030S01360520220905000971;485341;620220900067893;61325000;157000.62;14880;2336169226;3A37936SI9EC3IHL;29745
22022 ;2070000243 ;04030S01360520220920000995;507003;620220900183629;58905000;158165.53;14897;2356191900;85D568HDH8SML3ID;29746
21894 ;2080000111 ;04030S01360520220908000977;508905;620220900168159;172166000;227329.96;10097.81;2295534743;322C18HDH8SMKKEV;29747
21893 ;2080000110 ;04030S01360520220908000978;;620220900168224;172128000;227279.7;10097.81;2295027227;4521443A240OJKH0;29748
21892 ;2070000214 ;04030S01360520220909000983;512057;620220900198884;43719000;117420.67;14893;1748746038;D811243A240OKIF4;29749
22089 ;2080000211 ;04030S01360520220926001005;517381;620220900236596;18336000;48839.56;14893;727367567;93CF75S51P5HFN9K;29753
22090 ;2080000212 ;04030S01360520220926001004;517404;620220900236578;20606000;53991.85;14893;804100622;67A557L01EAA9N92;29754
22007 ;2070000240 ;00002001360520220922000186;902823;620220900279850;10696000;27151.2;15007;407458058.4;4350A0HK2PN731HA;29755
22008 ;2070000241 ;00002001360520220922000185;902822;620220900279957;10696000;27151.2;15007;407458058.4;2CAFF6OIHJNTU1KL;29756
22006 ;2070000239 ;00002001360520220913000179;902410;620220900224645;12346000;31579.2;14893;470309025.6;404D64VNHUJ52BKS;29757
21959 ;2070000235 ;00002001360520220914000180;902411;620220900223311;12346000;31579.2;14893;470309025.6;81D6D1E1IK9JEAAF;29758
22121 ;2080000219 ;04030S01360520220920000998;517379;620220900228316;77675000;203531.5;14893;3031194630;207805S51P5HFF6S;29759
22205 ;2070000254 ;04030S01360520220913000987;520200;620220900228091;51400000;134682.86;14893;2005831834;7BCEC1EIK9JEEVR;29760
21807 ;2040000266 ;00000000012920220824100140;466797;620220800296017;148528000;110367.32;14981.38;0;246296OIHJKUIP2H;29761
22036 ;2070000245 ;04030S01360520220920000997;521187;620220900253299;20083000;80200.03;9970.22;799611943;B131D8HDH8SMN7JJ;29762
22143 ;2080000222 ;04030S01360520220927001008;524360;620220900249719;7708000;20700;14893;308285100;E59DD8HDH8SMN43N;29763
22220 ;2090000144 ;00002001360520221003000196;905473;620221000012875;11664000;31087.35;15007;466527861.45;D282E4VNHUM47L2B;29766
22029 ;2050000239 ;04030S01360520220903000969;525817;620220900229357;59857000;153109.72;14893;2280263060;61A376OIHJNTSG7D;29767
22031 ;2040000269 ;04030S01360520220903000970;525818;620220900239506;55160000;141094.24;14893;2101316516;A2D9D5S51P5HFQ4I;29768
22230 ;2090000154 ;00002001360520221004000197;905523;620221000031940;5341000;21426.83;9970.22;213630209.003;DD0AB0HK2PQ677M4;29832
22287 ;2090000168 ;00002001360520221014000208;905775;620221000136113;12308000;32299.14;15242;492303491.88;FDA2D36SI9HBHDDH;29900
22291 ;2090000172 ;00002001360520221014000209;905776;620221000136373;30728000;80639.05;15242;1229100400.1;C7ED936SI9HBHDLL;29902
22067 ;2070000246 ;04030S01360520220928001010;552500;620221000130189;28717000;75360.7;15242;1148647789;556A98HDH8VLV7KD;29907
21935 ;2070000229 ;04030S01360520221003001015;537786;620221000054867;95817000;240141.52;15200;3650151104;8539C6OIHJQT2U2J;29908
22033 ;2080000200 ;04030S01360520220926001006;536435;620221000026179;170404000;227883.3;9970.22;2272046635;A750B8HDH8VLS223;29909
22125 ;2080000220 ;04030S01360520220928001009;536389;620221000025736;169953000;227279.7;9970.22;2266028611;6DEF05S51P8GL1K8;29910
22237 ;2090000161 ;00002001360520221004000199;905525;620221000032246;12147000;32374.32;15007;485841420.24;169B75S51P8GL7VM;29911
22226 ;2090000150 ;00002001360520221004000198;905524;620221000032032;25210000;67193.59;15007;1008374205.13;8BFCA2AF2EUV17P0;29912
22032 ;2070000244 ;04030S01360520220923001001;530808;620220900264379;34288000;91392;15007;1371519744;FA6DE8HDH8SMNIDR;29915
21876 ;2070000211 ;00002001360520220915000182;902530;620220900240105;12751000;34246.8;14893;510037592.4;167AD4VNHUJ52QN9;29916
22146 ;2080000223 ;04030S01360520221003001014;543596;620221000082305;42359000;111470.31;15200;1694348712;2D3934VNHUM49OS1;29917
22080 ;2080000208 ;04030S01360520220919000992;530804;620220900210877;70235000;188638.89;14893;2809398989;522486OIHJNTRU5T;29918
22072 ;2080000207 ;04030S01360520221003001013;541705;620221000009266;41315000;110119.53;15007;1652563787;7BBAF5S51P8GKHHI;29919
22168 ;2080000235 ;00002001360520221011000206;904164;620221000131120;10864000;27151.2;15242;413838590.4;36B410HK2PQ6A8HG;29920
22166 ;2080000233 ;00002001360520221011000204;904162;620221000131738;10864000;27151.2;15242;413838590.4;794BF7L01ED9I94Q;29921
22167 ;2080000234 ;00002001360520221011000205;904163;620221000131428;10864000;27151.2;15242;413838590.4;268E57L01ED9I8R4;29922
21939 ;2070000232 ;00002001360520220927000193;903705;620221000080700;15439000;38694.16;15200;588151232;BC22A0HK2PQ68N9S;29923
21938 ;2070000231 ;00002001360520220927000192;903704;620221000080500;15439000;38694.16;15200;588151232;40DEA0HK2PQ68N3K;29924
21914 ;2070000224 ;00002001360520221006000201;903849;620221000092772;29536000;76230;14759.94;1125150226.2;72F452AF2EUV3334;29925
22026 ;2080000198 ;00002001360520220927000194;903706;620221000082521;18699000;46864.08;15200;712334016;495111E1IKCILP2P;29926
22195 ;2080000237 ;04030S01360520221007001024;547559;620221000096954;60331000;158763.19;15200;2413200488;23C5843A243NT75Q;29927
22292 ;2090000173 ;00002001360520221011000203;905716;620221000093584;5203000;21184.79;9822.63;208090353.798;67DB843A243NT3SG;29928
22149 ;2080000224 ;04030S01360520221004001020;536436;620221000028028;72593000;288229.66;9970.22;2873713121;E312B7L01ED9F3RS;29929
22175 ;2070000253 ;00002001360520221005000200;903707;620221000085517;18206000;22934.55;10584.25;242745010.838;D4ED36OIHJQT3S0D;29930
22344 ;2100000062 ;00002001360520221019000216;905903;620221000171883;13386000;35127.48;15242;535413050.16;F1F5036SI9HBIGBB;29931
22060 ;2080000201 ;00002001360520220926000188;903414;620221000050383;16494000;42569.25;14759.94;628319575.845;27A0836SI9HBEPMF;29932
22081 ;2050000240 ;04030S01360520220921001000;532966;620220900228472;58001000;148362.22;14893;2209558542;C6AD42AF2ERVRFBO;29933
22273 ;2070000257 ;04030S01360520220930001012;555596;620221000044952;13463000;31719.42;15433.79;489550867;CB36A2AF2EUV1KCO;29950
22246 ;2080000245 ;04030S01360520221012001026;562741;620221000166699;41804;109707.08;15242;1672155313;0552E8HDH8VM0B9B;30004
22343 ;2100000061 ;00002001360520221020000218;905934;620221000182540;9645000;25121.33;15357;385788264.81;59DC60HK2PQ6BQOC;30005
22243 ;2080000243 ;00002001360520221017000210;904843;620221000182198;10946000;27151.2;15357;416960978.4;49F357L01ED9JQDM;30006
22150 ;2080000225 ;04030S01360520221012001025;558025;620221000132671;17622000;46244.08;15242;704852267;206D31E1IKCINA1V;30007
22308 ;2090000176 ;04030S01360520221017001033;563297;620221000157878;77111000;202363.6;15242;3084425991;57D0B7L01ED9J2LM;30008
22278 ;2080000248 ;04030S01360520221012001028;562058;620221000156979;31251000;81632.81;15242;1244247290;EC2908HDH8VM01PJ;30009
22279 ;2090000166 ;04030S01360520221012001027;562059;620221000157400;20454000;53497;15242;815401274;B2DCF0HK2PQ6B26O;30010
22212 ;2080000242 ;00000000012920220720100120;402553;620220700286771;23326000;90151.41;10338.41;932022238.66;F6F051E11K3KONPJ;30086
22212 ;2080000242 ;04030S01360520221006001022;565196;620221000172730;57786000;143344.71;15357;2201344711;E41A10HK2PQ6BH5Q;30086
22144 ;2070000251 ;04030S01360520221003001018;566265;620221000171909;62187000;154262.04;15357;2369002148;D98088HDH8VM0GC5;30087
22041 ;2060000282 ;04030S01360520220910000984;566267;620221000182128;60038000;148932.08;15357;2287149953;BCEB17L01ED9JQBG;30088
22039 ;2060000280 ;04030S01360520220902000966;566257;620221000192573;60045000;148948.43;15357;2287401040;123D736SI9HBJ4HT;30089
21989 ;2060000279 ;04030S01360520220909000982;532108;620220900188364;57877000;148043.03;14893;2204804846;D14E143A240OK86C;30090
22239 ;2060000285 ;00002001360520221018000215;905235;620221000228675;9714000;25301.4;15357;388553599.8;F48AA4VNHUM4E7Q3;30091
21818 ;2070000196 ;00002001360520221018000214;904889;620221000192379;24944000;21656.8;15357;332583477.6;21F768HDH8VM14BR;30092
22301 ;2090000174 ;04030S01360520221020001042;568036;620221000198640;32034000;83436.1;15357;1281328188;57F980HK2PQ6CAFG;30093
22280 ;2090000167 ;04030S01360520221013001029;570411;620221000166854;52020000;136516.8;15242;2080789066;FCB6E43A243NVBE6;30094
22244 ;2080000244 ;00002001360520221017000211;904846;620221000182300;10946000;27151.2;15357;416960978.4;E56A10HK2PQ6BQGS;30095
22113 ;2080000217 ;00002001360520221017000213;904894;620221000192299;17757000;44046.56;15357;676423021.92;BEB108HDH8VM149B;30096
22112 ;2080000216 ;00002001360520221017000212;904893;620221000192242;15905000;39454.63;15357;605904752.91;CB8D12AF2EUV647I;30097
22318 ;2090000182 ;04030S01360520221020001041;569489;620221000202775;32570000;84093.27;15357;1291420347;41D154VNHUM4DEGN;30098
22315 ;2090000180 ;04030S01360520221024001044;572242;620221000222467;20938000;53493.82;15357;821504594;8C3CE6OIHJQT81O3;30099
22071 ;2080000206 ;00002001360520221019000217;905284;620221000235854;24947000;101920;9790.57;997854894.4;5B66E43A243O1EQE;30100
21863 ;2070000209 ;00002001360520221011000207;905112;620221000207026;17080000;43580;14929.6;650631968;8FFE25S51P8GQILI;30102
22288 ;2090000169 ;04030S01360520221018001035;567913;620221000182906;122441000;169556.4;9628.34;1632546668;FD99F5S51P8GPR3Q;30103
22221 ;2090000145 ;04030S01360520221004001021;571462;620221000206815;16151000;42065.86;15357;646005412;C71814VNHUM4DIEV;30104
21860 ;2070000207 ;00002001360520221011000207;905112;620221000207026;17080000;43580;14929.6;650631968;8FFE25S51P8GQILI;30105
22231 ;2090000155 ;04030S01360520221013001030;572239;620221000210569;143703000;198998.9;9628.34;1916029069;185DF8HDH8VM1M49;30106
22289 ;2090000170 ;04030S01360520221018001036;567914;620221000183774;123069000;170425.92;9628.34;1640918703;F023643A243NVRUU;30107
21758 ;2060000272 ;04030S01360520220902000965;566266;620221000172248;63441000;157373.18;15357;2416779925;CAA8F7L01ED9JGMO;30108
22448 ;2090000223 ;04030S01360520221027001055;577766;620221000257853;83282000;214559.11;15526;3331244742;CBDF636SI9HBL49T;30165
22370 ;2090000199 ;04030S01360520221026001051;585361;620221100005211;26074000;67173.12;15526;1042929861;06AD71E1IKFHV5QR;30168
22372 ;2090000201 ;04030S01360520221026001052;586668;620221100014093;26074000;67173.12;15526;1042929861;79B5136SI9KAPEGD;30169
22314 ;2090000179 ;04030S01360520221019001038;582174;620221000210466;25790000;67173.12;15357;1031577604;C8BBE5S51P8GQM12;30170
22312 ;2090000178 ;04030S01360520221019001037;582173;620221000207807;68658000;178830.45;15357;2746299221;B6F6160IHJQT7JDV;30171
22321 ;2090000183 ;04030S01360520221025001048;579999;620221000247780;24846000;64010.06;15526;993820192;3D7660HK2PQ6DQF4;30172
22304 ;2090000175 ;00002001360520221024000219;906299;620221100034227;35265000;47048.4;9993.95;470199357.18;5800E6OIHJTSE25J;30173
22248 ;2080000246 ;04030S01360520221025001047;579587;620221000261287;17896000;46105.45;15526;715833217;BB6C76OIHJQT97L7;30174
22097 ;2060000284 ;04030S01360520221003001016;579613;620221000249872;83332000;204465.7;15526;3174534458;17EA32AF2EUV7SGG;30175
22126 ;2080000221 ;04030S01360520221017001032;560487;620221000154804;30866000;11166240;105.3;1175825171;7C0E143A243NUVLK;30207
22063 ;2080000202 ;04030S01360520221020001039;574612;620221000238383;50074000;122863.11;15526;1907572646;E213A36SI9HBKH9F;30215
22272 ;2080000247 ;04030S01360520221024001045;586660;620221100010552;106742000;250000;15526;3881500000;950D22AF2F1UCB1O;30216
22209 ;2080000241 ;00002001360520221031000223;905980;620221100012017;15384000;37744.71;15526;586024367.46;EBC466OIHJTSDCFH;30217
22387 ;2080000258 ;04030S01360520221031001060;585007;620221000283040;15353000;36208.83;15536.99;562576230;7BF920HK2PQ6EST0;30218
22091 ;2070000247 ;04030S01360520220923001002;579552;620221000261307;54149000;132862;15526;2062815412;86E6A6OIHJQT97LR;30219
22398 ;2090000209 ;04030S01360520221027001053;579329;620221000254377;8582000;22110;15526;343279860;AE6CB6OIHJQT90T9;30220
22452 ;2100000130 ;00002001360520221101000225;906293;620221100006140;4785000;11738.4;15526;182250398.4;E148F0HK2PT5I6NS;30221
22096 ;2060000283 ;04030S01360520220919000994;579696;620221000249395;77251000;189544.17;15526;2942862783;8CE944VNHUM4ES1J;30222
22208 ;2080000240 ;00002001360520221031000222;905979;620221100011949;15434000;37868.32;15526;587943536.32;282D08HDH92L7CDD;30223
22207 ;2080000239 ;00002001360520221024000221;905978;620221100011914;16081000;39454.63;15526;612572585.38;BCA3A43A246N6CCA;30224
22027 ;2080000199 ;00002001360520220927000190;903702;620221000085202;21516000;53923.75;15200;819641000;755682AF2EUV2RMI;30225
22120 ;2070000249 ;04030S01360520220923001003;579695;620221000248946;58109000;142577.13;15526;2213652520;B9B515S51P8GRRJI;30226
22324 ;2090000185 ;04030S01360520221025001046;586659;620221100004475;146124000;198998.9;9790.57;1948312660;2282B4VNHUP3J53R;30269
22474 ;2100000147 ;00002001360520221101000224;906292;620221100005612;15284000;37499.01;15526;582209629.26;88FFA2AF2F1UC67C;30283
21997 ;2070000237 ;00002001360520221107000231;907401;620221100118260;17612000;43460;15437.8;670926788;6CEE60HK2PT5LK7K;30284
21993 ;2070000236 ;00002001360520221107000231;907401;620221100118260;17612000;43460;15437.8;670926788;6CEE60HK2PT5LK7K;30285
22367 ;2090000198 ;04030S01360520221102001065;593803;620221100055480;44662000;176716.46;9993.95;1766095465;DB1150HK2PT5JMTO;30286
22323 ;2090000184 ;04030S01360520221101001061;586667;620221100010904;51473000;208139.04;9790.57;2037799841;F283243A246N6BCO;30287
22526 ;2100000165 ;00002001360520221109000236;906506;620221100092104;12172000;31242.29;15584;486879847.36;F2A6E43A246N8QM8;30289
22513 ;2100000159 ;00002001360520221108000233;906470;620221100082667;8342000;21410.6;15584;333662790.4;CB9306OIHJTSFHFB;30290
22327 ;2090000187 ;04030S01360520221027001056;604657;620221000262075;24677000;63574.56;15526;987058619;2DF844VNHUM4F8DR;30291
22394 ;2080000259 ;00002001360520221024000220;906658;620221100059495;171249000;122468.85;15536.65;1902755658.352;304AF4VNHUP3KQR7;30292
22395 ;2080000260 ;00002001360520221024000220;906658;620221100059495;171249000;122468.85;15536.65;1902755658.352;304AF4VNHUP3KQR7;30293
22374 ;2090000202 ;04030S01360520221102001067;605405;620221100116846;22617000;56617.12;15663;886793951;560D85S51PBG31RE;30336
22446 ;2090000221 ;04030S01360520221104001071;603274;620221100101988;38853000;96801.74;15663;1516205654;C082D7L01EG8T4B4;30337
22424 ;2090000219 ;04030S01360520221104001069;604659;620221100102826;8040000;32175.85;9993.86;321560940;7243B5S51PBG355A;30338
22340 ;2090000190 ;04030S01360520221027001054;607734;620221000262461;43308000;111574.61;15526;1732307395;A2F431E1IKCIR8PT;30339
22326 ;2090000186 ;04030S01360520221029001059;606401;620221000267167;64776000;162812.49;15526;2527826720;C3EE86OIHJQT9DCV;30340
22511 ;2100000157 ;00002001360520221107000227;906440;620221100070908;13059000;31920.83;15584;497454214.72;AA7167L01EG8S5VS;30341
22519 ;2100000164 ;00002001360520221108000232;906471;620221100082410;6821000;16672.34;15584;259821746.56;F405C0HK2PT5KH7A;30342
22466 ;2090000228 ;04030S01360520221107001073;605472;620221100071182;10325000;26500;15584;412976000;7B31E2AF2F1UE68E;30343
22342 ;2080000254 ;04030S01360520221006001023;606247;620221100103339;158229000;384840.43;15663;6027755655;B0A0E8HDH92LA5LB;30344
22355 ;2090000196 ;00002001360520221111000240;907688;620221100131646;21577000;52477.57;15663;821956178.91;FCB955S51PBG419U;30345
22165 ;2080000232 ;00002001360520220927000189;905331;620220900243310;11146000;28459.35;14919;424585327.244;20FE40HK2PN71TRE;30346
22338 ;2090000189 ;00002001360520221108000234;907402;620221100118309;40754000;28910.06;15663;452818269.78;88D2F8HDH92LAK95;30347
22371 ;2090000200 ;04030S01360520221026001050;591400;620221100045599;17545000;70219.85;9993.95;701773670;4C3428HDH92L8D8V;30348
22527 ;2090000236 ;00002001360520221110000237;907889;620221100149198;30132000;25650;15663;401755950;99B4B7L01EG8UIEE;30351
22389 ;2090000207 ;04030S01360520221108001080;604380;620221100101614;26322000;67220.13;15663;1052868896;307F043A246N93VE;30362
22356 ;2090000197 ;00002001360520221111000241;907689;620221100131818;21577000;52477.56;15663;821956022.28;F172A7L01EG8U1FA;30363
22563 ;2110000049 ;00002001360520221115000242;906696;620221100155203;9900000;24077.22;15663;377121496.86;200E236SI9KATOA3;30364
22400 ;2090000210 ;04030S01360520221101001062;615176;620221100032670;22376000;57132.9;15584;890359114;EC8510HK2PT5J0KU;30365
22401 ;2090000211 ;04030S01360520221101001063;615175;620221100032197;22724000;57828.61;15584;901201058;BC75E6OIHJTSE065;30366
22576 ;2110000057 ;00002001360520221121000250;906862;620221100206464;14687000;35760.88;15645;559478967.6;5768043A246NCAC0;30391
22349 ;2090000191 ;04030S01360520221104001068;619336;620221100188534;28344000;72465.75;15645;1133726659;0DDEF43A246NBORM;30392
22587 ;2100000178 ;00000000071520221116221745;372071;620221100171715;8130000;20277.77;15645;317245711.65;6D2814VNHUP3O8E3;30393
22460 ;2090000226 ;04030S01360520221107001074;618977;620221100076546;24063000;61402.37;15584;956894534;204CF5S51PBG2BG2;30394
21937 ;2070000230 ;00002001360520220927000191;903703;620221000080350;15743000;39454.63;15200;599710376;B71630HK2PQ68MUU;30396
22461 ;2090000227 ;04030S01360520221104001070;610349;620221100131499;79566000;198238.47;15663;3105009156;64ABC8HDH92LB15B;30397
22623 ;2100000190 ;00000000071520221125221820;383812;620221100259649;1001000;2465;15611;38481115;17EE68HDH92LEUA1;30444
22623 ;2100000190 ;00000000071520230109230028;;620230100071024;1014000;0;0;0;;30444
22518 ;2090000233 ;04030S01360520221114001087;626744;620221100205514;26579000;67954.23;15645;1063143928;AE3F743A246NC9EA;30462
22533 ;2090000238 ;00002001360520221122000251;909109;620221100243791;14446000;35251.2;15611;550306483.2;C6E6A1E1IKFI6EQF;30463
22532 ;2090000237 ;00002001360520221117000248;909108;620221100243822;14446000;35251.2;15611;550306483.2;74D1E2AF2F1UJERE;30464
22420 ;2090000218 ;04030S01360520221115001090;626728;620221100176680;24241000;61975.2;15645;969602004;656660HK2PT5ND98;30465
22464 ;2100000139 ;04030S01360520221107001075;626672;620221100112681;73890000;188698.62;15663;2955586485;FCF181E1IKFI2EP9;30466
22311 ;2090000177 ;00002001360520221122000252;909110;620221100243887;27546000;105168.94;10476.76;1101829743.834;114C16OIHJTSKETF;30467
22311 ;2090000177 ;00002001360520221122000252;909110;620221100243887;27546000;105168.94;10476.76;1101829743.834;114C16OIHJTSKETF;30467
22447 ;2090000222 ;04030S01360520221114001086;626691;620221100220737;21854000;54820.57;15645;857667818;89A9F6OIHJTSJOA1;30468
22403 ;2090000212 ;00002001360520221117000246;908834;620221100222329;14460000;35208;15645;550829160;2353A8HDH92LDPRP;30469
22404 ;2090000213 ;00002001360520221117000247;908835;620221100222359;16464000;40088;15645;627176760;AB83A8HDH92LDPSN;30470
22156 ;2080000228 ;00002001360520221104000226;908829;620221100220715;12016000;29257.2;15645;457728894;C84344VNHUP3PO9B;30471
22157 ;2080000229 ;00002001360520221107000228;908830;620221100221626;12016000;29257.2;15645;457728894;E100A5S51PBG6P5Q;30472
22159 ;2080000231 ;00002001360520221107000230;908832;620221100221757;12005000;29231.4;15645;457325253;5357C6OIHJTSJP9T;30473
22153 ;2080000226 ;00002001360520221116000245;908963;620221100231749;31973000;45075.1;16159.26;728360260.426;39BDF8HDH92LE325;30474
22375 ;2100000080 ;00002001360520221116000244;908833;620221100222095;21896000;18660;15645;291935700;D91574VNHUP3PPKF;30475
22375;2100000080;900118/KPU.01/SPTNP/2022;;620221200086433;875000;0;0;0;;30475
22154 ;2080000227 ;00002001360520221116000245;908963;620221100231749;31973000;45075.1;16159.26;728360260.426;39BDF8HDH92LE325;30476
22558 ;2100000170 ;00002001360520221124000256;909446;620221100272961;18407000;21580.57;11372.37;245422226.851;D9A981E1IKFI7BA1;30530
22507 ;2100000156 ;04030S01360520221118001092;626742;620221100204921;48046000;187150.26;10243.9;1917148548;2AA9B1E1IKFI58RP;30531
22557 ;2100000169 ;04030S01360520221115001089;637264;620221100231794;23293000;59357.5;15611;926629933;97BCD43A246ND33I;30532
22572 ;2100000175 ;04030S01360520221118001091;632389;620221100259203;39032000;59357.5;15611;1523169641;44FA736SI9KB0TS3;30533
22520 ;2090000234 ;04030S01360520221102001064;597200;620221100055147;13141000;30653.02;15680.94;480668167;1E8736OIHJTSEMJB;30535
22655 ;2110000104 ;00002001360520221124000255;907004;620221100246264;31833000;81564.8;15611;1273308092.8;A442943A246NDH7O;30537
22512 ;2100000158 ;04030S01360520221110001085;626759;620221100203707;37516000;95917.56;15645;1500630226;ECDAA6OIHJTSJ7LR;30538
22350 ;2090000192 ;00002001360520221110000238;907687;620221100131454;30974000;76431.75;15437.8;1179938070.15;D710B43A246NA13U;30539
22690 ;2110000128 ;00002001360520221129000260;907174;620221100291533;14871000;36287.26;15611;566480415.86;D7E4E36SI9KB1TED;30540
22368 ;2080000255 ;04030S01360520221115001088;624103;620221100212132;19882000;50830.56;15645;795244111;BB5CE2AF2F1UIFT4;30541
22286 ;2080000251 ;04030S01360520221013001031;610613;620221100124315;24443000;59448.65;15663;931144205;C0A264VNHUP3MQ4R;30542
22390 ;2090000208 ;00002001360520221122000253;909613;620221100281036;11881000;30441.6;15611;475223817.6;FDD625S51PBG8J6C;30558
22590 ;2100000180 ;04030S01360520221123001096;643706;620221100245856;15776000;40211.49;15611;627741570;22A4D5S51PBG7GR0;30559
22516 ;2100000162 ;04030S01360520221128001101;642088;620221100295442;19069000;48364.71;15611;755021488;6966B2AF2F1UL18I;30560
22322 ;2080000252 ;00002001360520221010000202;905567;620221000263883;22323000;54771.47;15526;850381842.22;6E5FD36SI9HBLA6B;30586
22158 ;2080000230 ;00002001360520221107000229;908831;620221100221412;12016000;29257.2;15645;457728894;2B1AA2AF2F1UIOV4;30587
21010 ;2030000382 ;00000000012920220803100127;435129;620220800150121;7895000;19775;15207.3;300724357.5;9551B1E1IK6K0AJ9;30601
22385 ;2090000205 ;04030S01360520221028001057;646004;620221100287639;29841000;72818.68;15611;1136772413;4613B8HDH92LFPKN;30602
22417 ;2090000215 ;00002001360520221129000263;910303;620221200023490;15733000;38203.39;15688;599334782.32;FF7D10HK2Q04UFU2;30603
22418 ;2090000216 ;00002001360520221129000261;910307;620221200022968;16004000;38861.6;15688;609660780.8;9FB507L01EJ86FDO;30604
22419 ;2090000217 ;00002001360520221129000262;910302;620221200023150;16004000;38861.6;15688;609660780.8;96D860HK2Q04UFJE;30605
22162 ;2070000252 ;04030S01360520221003001017;579612;620221000249392;62878000;154277.74;15526;2395316191;E5A592AF2EUV7S1G;30624
22554 ;2090000241 ;00002001360520221201000265;910538;620221200039345;0;39449;15688;618875912;E3E1D4VNHUS2VVDH;30625
22352 ;2090000193 ;00002001360520221128000257;910628;620221200048767;0;29257.2;15688;458986953.6;6F2866OIHK0RQ8JV;30626
22352;2090000193;00002001360520221128000257;;620221200048767;0;0;0;0;;30626
22354 ;2090000195 ;00002001360520221128000259;910536;620221200039325;0;29257.2;15688;458986953.6;EB0714VNHUS2VVCT;30627
22354;2090000195;00002001360520221128000259;;620221200039325;0;0;0;0;;30627
22353 ;2090000194 ;00002001360520221128000258;910535;620221200039320;0;29257.2;15688;458986953.6;DA9670HK2Q04UVCO;30628
22353;2090000194;00002001360520221128000258;;620221200039320;0;0;0;0;;30628
22569 ;2100000174 ;04030S01360520221129001104;652773;620221200006084;65928000;160092.07;15688;2511524394;29F0B43A249MHUU4;30631
22449 ;2090000224 ;00002001360520221109000235;907686;620221100131898;27837000;67704;15663;1060447752;49D527L01EG8U1HQ;30672
22794 ;2110000180 ;00000000071520221209221882;401772;620221200093662;0;42740.52;15651;668931878.52;6CA012AF2F4TQKEU;30674
22794;2110000180;00000000071520221209221882;;620221200093662;0;0;0;0;;30674
22794;2110000180;00000000071520221209221882;;620221200093662;0;0;0;0;;30674
22749 ;2110000169 ;00002001360520221206000273;911264;620221200095761;0;22061.42;11475.2;253159206.784;3D1BB1E1IKIHDMGH;30675
22749;2110000169;00002001360520221206000273;;620221200095761;0;0;0;0;;30675
22597 ;2100000182 ;04030S01360520221129001103;659708;620221100302286;25797000;65773.68;15688;1031857492;3DA085S51PBG97UE;30676
22588 ;2100000179 ;04030S01360520221123001098;658297;620221100245240;28104000;71640.87;15611;1118385622;BEE3C0HK2PT5PG7O;30677
22284 ;2080000249 ;00002001360520221201000266;910764;620221200051915;0;76230;16236.04;1237673329.2;3ED184VNHUS30BMB;30680
22203 ;2080000238 ;04030S01360520220926001007;541244;620221000039999;65224000;163467.28;15200;2484702656;999718HDH8VLSFHV;30681
21011 ;2030000383 ;00000000012920220823100136;463940;620220800281836;35664000;27600;14981.38;413486088;182745S51P2I5B7C;30682
22384 ;2080000256 ;04030S01360520221024001043;662153;620221200065094;0;138977.01;15651;2175129184;27CE943A249MJO16;30689
22427 ;2090000220 ;04030S01360520221107001077;661057;620221200076727;0;72818.98;15651;0;431806OIHK0RR3TN;30690
22427;2090000220;04030S01360520221107001077;;620221200076727;0;0;0;0;;30690
22565 ;2100000172 ;00002001360520221129000264;911518;620221200108058;0;67704;15651;1059635304;3905B7L01EJ892GQ;30692
22565;2100000172;00002001360520221129000264;;620221200108058;0;0;0;0;;30692
22475 ;2100000148 ;00002001360520221115000243;911517;620221200110291;0;38070.12;15651;595835448.12;DF9421E1IKIHE4MJ;30693
22475;2100000148;00002001360520221115000243;;620221200110291;0;0;0;0;;30693
22592 ;2100000181 ;04030S01360520221201001107;663454;620221200095514;0;50727.31;15651;793933129;5A54D43A249MKM8Q;30695
22592;2100000181;04030S01360520221201001107;;620221200095514;0;0;0;0;;30695
22638;2100000197;00002001360520221206000268;;620221200123135;0;0;0;0;;30697
22641;2100000200;00002001360520221206000270;;620221200123355;0;0;0;0;;30698
22642;2100000201;00002001360520221206000271;;620221200123352;0;0;0;0;;30699
22639;2100000198;00002001360520221206000269;;620221200123141;0;0;0;0;;30700
22640;2100000199;04030S01360520221212001124;;620221200111703;0;0;0;0;;30701
22619;2100000188;04030S01360520221201001108;;620221200106805;0;0;0;0;;30702
22267 ;2070000256 ;00002001360520221208000275;911520;620221200107008;0;43460;16317.84;709173326.4;5D02F7L01EJ891G0;30703
22267;2070000256;00002001360520221208000275;;620221200107008;0;0;0;0;;30703
22266 ;2070000255 ;00002001360520221208000275;911520;620221200107008;0;43460;16317.84;709173326.4;5D02F7L01EJ891G0;30704
22731;2100000231;04030S01360520221206001118;;620221200108853;0;0;0;0;;30729
22649;2100000204;04030S01360520221205001114;;620221200079155;0;0;0;0;;30731
22515 ;2100000161 ;04030S01360520221129001105;664398;;0;66582.66;15651;1042085212;;30732
22817 ;2110000185 ;00002001360520221215000280;907747;;0;37359.1;15563;581419673.3;;30733
22643;2100000202;00002001360520221206000272;;620221200123353;0;0;0;0;;30734
22823 ;2110000186 ;00002001360520221214000279;907679;;0;128312.9;10557.09;1354610833.461;;30735
22337 ;2090000188 ;00002001360520221208000274;911519;620221200106482;0;25350;16317.84;413657244;306D72AF2F4TR0VI;30736
22337;2090000188;00002001360520221208000274;;620221200106482;0;0;0;0;;30736
22585 ;2100000177 ;04030S01360520221122001093;659587;;0;174436.71;15651;2730108948;;30737
22530 ;2100000166 ;04030S01360520221107001076;653710;620221100220735;29939000;72899.93;15645;1140519405;5ACBA4VNHUP3PO9V;30738
22792 ;2110000179 ;00000000071520221208221884;400386;620221200086011;0;51021.69;15651;798540470.19;F93D81E1IKIHDCVR;30767
22792 ;2110000179 ;00000000071520221208221884;;620221200086011;0;0;0;0;;30767
22698 ;2110000130 ;04030S01360520221209001122;672847;620221200150761;229443000;198998.9;10481.68;2085842790;305461E1IKIHFC79;30771
22698 ;2110000130 ;04030S01360520221209001122;;620221200150761;0;0;0;0;;30771
22524 ;2090000235 ;00002001360520221212000276;912097;620221200152044;0;39855.55;15563;620271924.65;2284043A249MMDFC;30808
22524 ;2090000235 ;00002001360520221212000276;;620221200152044;0;0;0;0;;30808
22548 ;2090000239 ;00002001360520221212000277;912098;620221200152100;0;53214.17;15563;828172127.71;897CA0HK2Q052DH4;30809
22548 ;2090000239 ;00002001360520221212000277;;620221200152100;0;0;0;0;;30809
22194 ;2080000236 ;00002001360520220929000195;905381;620220900264045;11931000;31799.25;15007;477211344.76;D81C04VNHUJ53I3D;30810
22508 ;2080000263 ;04030S01360520221109001082;669299;620221200109807;0;167955.84;15651;2628676852;FF4E06OIHK0RS47F;30812
22508;2080000263;04030S01360520221109001082;;620221200109807;0;0;0;0;;30812
22678 ;2100000208 ;00002001360520221212000278;;620221200194537;0;0;0;0;;30814
22775 ;2110000177 ;04030S01360520221213001129;679433;620221200141380;0;38373.1;15563;597200555;851280HK2Q052324;30823
22775 ;2110000177 ;04030S01360520221213001129;;620221200141380;0;0;0;0;;30823
22566 ;2100000173 ;00002001360520221202000267;912939;620221200208700;0;55992.5;16592.46;929053316.55;4F3C30HK2Q0544PS;30828
22566 ;2100000173 ;00002001360520221202000267;;620221200208700;0;0;0;0;;30828
22684 ;2090000244 ;04030S01360520221216001131;686438;;0;21250;15634;332222500;;30833
22631 ;2100000194 ;04030S01360520221221001136;;620221200211850;0;0;0;0;;30852
22223 ;2090000147 ;00002001360520221118000249;909211;620221100254795;23951000;56463.95;16159.26;912415648.677;35F7A4VNHUP3QPIB;30854
22909 ;2110000191 ;00000000071520221226221964;423189;620221200267014;0;25232;15634;394477088;63C7I43A249MPTO6;30861
22909 ;2110000191 ;00000000071520221226221964;;620221200267014;0;0;0;0;;30861
22765 ;2110000175 ;04030S01360520221215001130;686780;;0;65773.68;15563;1023635782;;30862
22760 ;2100000234 ;04030S01360520221212001125;;620221200140446;0;0;0;0;;30863
22854 ;2120000076 ;00000000071520221220221940;;620221200205405;0;0;0;0;;30864
22517 ;2100000163 ;00002001360520221219000284;912487;620221200185944;0;38070.12;15563;592485277.56;4953243A249MNEIO;30867
22517 ;2100000163 ;00002001360520221219000284;;620221200185944;0;0;0;0;;30867
22699 ;2110000131 ;04030S01360520221209001121;672848;620221200151657;0;198998.9;10481.68;2085842790;1757D6OIHK0RTD39;30868
22699 ;2110000131 ;04030S01360520221209001121;;620221200151657;0;0;0;0;;30868
22875 ;2110000189 ;00002001360520221226000289;913854;620221200283369;0;45462;15606;709479972;73AE28HDH95KRDN9;30884
22875 ;2110000189 ;00002001360520221226000289;;620221200283369;0;0;0;0;;30884
22688 ;2100000215 ;00002001360520221219000281;;620221200251042;0;0;0;0;;30885
22686 ;2100000213 ;00002001360520221219000283;;620221200254153;0;0;0;0;;30886
22814 ;2110000184 ;04030S01360520221216001133;691479;620221200255030;0;61403.17;15634;959977160;9B8450HK2Q055I1M;30887
22814 ;2110000184 ;04030S01360520221216001133;;620221200255030;0;0;0;0;;30887
22142 ;2070000250 ;04030S01360520221004001019;684641;620221200224518;0;177059.47;15634;2768147754;8B6FC701EJ8CK86;30895
22142 ;2070000250 ;04030S01360520221004001019;;620221200224518;0;0;0;0;;30895
22744 ;2110000166 ;04030S01360520221213001128;686979;620221200179906;0;198604.94;10481.68;2081713427;005605S51PEFH8M2;30918
22744 ;2110000166 ;04030S01360520221213001128;;620221200179906;0;0;0;0;;30918
22774 ;2110000176 ;04030S01360520221212001126;681195;;0;183815.45;15563;2860719848;;30969
22608 ;2090000243 ;04030S01360520221109001081;671582;620221200134220;0;173252.28;15563;2696325234;E70580HK2Q051S2C;30971
22608 ;2090000243 ;04030S01360520221109001081;;620221200134220;0;0;0;0;;30971
22478 ;2090000229 ;04030S01360520221128001102;645627;620221100306728;91135000;221301.64;15688;3471780128;82A597L01EG93C98;30972
22379 ;2090000204 ;04030S01360520221020001040;587948;620221100022442;44929000;115320;15584;1797146880;AD0D22AF2F1UCMLA;30973
22040 ;2060000281 ;04030S01360520220919000993;660092;620221200064783;0;166930.36;15651;2612627064;9621E36SI9NA6O8F;30974
22654 ;2100000206 ;00002001360520221228000290;;620221200292841;0;0;0;0;;30976
22652 ;2100000205 ;00002001360520221228000291;;620221200293094;0;0;0;0;;30977
22693 ;2100000219 ;00002001360520221226000288;;620221200292864;0;0;0;0;;30979
22717 ;2100000228 ;00002001360520221219000282;;620221200251266;0;0;0;0;;30981
22692 ;2100000218 ;00002001360520221226000287;;620221200292902;0;0;0;0;;30982
22691 ;2100000217 ;00002001360520221226000286;;620221200291152;58460000;0;0;0;;30984
22481 ;2090000230 ;00002001360520221220000285;913484;620221200257564;0;25470;16592.46;422609956.2;CCF9E43A249MPKGS;30994
22481 ;2090000230 ;00002001360520221220000285;;620221200257564;0;0;0;0;;30994
22805 ;2100000241 ;04030S01360520221223001137;;620221200245508;0;0;0;0;;31007
22803 ;2100000240 ;04030S01360520221216001132;;620221200255308;0;0;0;0;;31008
22560 ;2100000171 ;04030S01360520221122001094;695866;620221200251362;0;220932.38;15634;3454056829;08F2A2AF2F4TVEF2;31009
22560 ;2100000171 ;04030S01360520221122001094;;620221200251362;0;0;0;0;;31009
22630 ;2100000193 ;04030S01360520221221001135;;620221200212448;0;0;0;0;;31010
22407 ;2090000214 ;04030S01360520221107001078;689111;620221200244634;0;158693.94;15634;2481021058;96CD143A249MP7SQ;31011
22407 ;2090000214 ;04030S01360520221107001078;;620221200244634;0;0;0;0;;31011
22386 ;2080000257 ;04030S01360520221028001058;673319;620221200078448;0;141697.55;15651;2217708355;45B837L01EJ885JG;31012
22386;2080000257;04030S01360520221028001058;;620221200078448;0;0;0;0;;31012
